83e2e1f273e3f453fb1b5cd1a818ba90,ab48d0fc094fd55d1dd5b623277616bfdd6cda3327436f2a08a19a56dd247c35,h2,/body/article/section/section/div/article/h2[4],About Us 58,777,354,77,193,2
512376f4df384585860df21f01b1479a,a2d0e539e8faebd8432af14a40971cede4c2169d1473feace956648a9eb5d96f,button,/body/article/section/article/div/section/button[4],Contact,114,158,32,53,1
972e63fcb38d4a549b9990b33e764c51,eab7dd582bff3bb53aff1f2727c8d0e90d4612d607eb25cad0c867fd3f239d2a,button,/body/div/section[@class='form-control']/section/button[5],Sign Up,595,1197,50,127,1
eef6b6facc1a4f02b23502326a1c8dbd,db0d022a272b69720e1799664a05c45df4de7b85f2461d8d17ce10e712724ccf,div,/html/section/div[4],NULL,44,1304,85,287,4
063c5ffd28c143d19e5ae1c0fc6cf3ef,7ceb48a68eb341d2bd1540bb98f4590e73c6b55aab9d86f8d99a6deef11089d8,h2,/html/div[@class='btn']/section/div/div/h2[4],Read More,359,889,50,249,5
8d5288f808a24b2d9692366aeb8a3d5d,d2c0cc581433237b3ad80ce33a4dd7c7e3794988c8da8a26413c3cd283c39849,span,/body/article/article/article/div/span[1],NULL,568,1041,49,38,0
554f5bfa890b450094fce20c79775045,1f0ed76b6aab66bc939c6af89c14d1c4d8b59f419c484d2900b34e7eff12bb37,h2,/main/article/article/h2[3],About Us,51,885,53,97,0
704677fa01364cce9b5087a41f09b7cb,09e9fc3cd956ec93874200929558c90f27db93e91e85061a4974b6a03edda537,h2,/body/article/div/section/h2[1],Sign Up 48,806,1100,45,136,5
2f8702f4c7c74659a69a3543393042d0,ea509b94c584c2813cfd6c732c8124cf689cc4c2afb8e5ca7ad270f5a457021e,form,/main/div/section[@class='header']/form[4],NULL,630,617,65,122,2
eeee53f35ccf4c809431bd1b5c2b4229,2f577b5c482d5b39bd6c5236a6f0af951d7ea7cd4a73ed399f7491d0cf1a2eea,img,/main/article/section/article/img[1],NULL,191,456,97,92,5
632fe6f39127445f8edc9c4bcedb770d,7ceb48a68eb341d2bd1540bb98f4590e73c6b55aab9d86f8d99a6deef11089d8,img,/main/div/section/div/article[@class='nav-item']/section[@class='nav-item']/img[5],NULL,445,90,77,213,0
f303a1fee9ba4f328d659ea104d2d2c0,e6adc1c046c3a313d48c527142c807c6b8ae9988382331dff8d42a6dcc4f6448,p,/html/article[@class='card']/section/div/div/p[2],Sign Up,625,927,27,274,1
1e91faff91974089a491295cc3f1d272,aa82211395b1980ae9972b75e32c21d8777549e965d02929912baf116d6c9358,a,/body/div/a[2],Read More 21,822,1211,74,278,5
7b46ddfe6e034ac3891de2a29338120f,de78eb138d99ea8c0640c4bd013755d2a6a1d98c9beb0e72ab0f64ca35754f2c,p,/html/article/article/article/p[1],Login,1802,1231,25,202,2
85728bfa4faf47c5bc59d778c4ed1b0f,7ceb48a68eb341d2bd1540bb98f4590e73c6b55aab9d86f8d99a6deef11089d8,span,/html/section/section/article/section/section/span[4],NULL,1729,608,72,179,1
84937bfc0dbb4698b054c43e87db60fc,6d9b5027376f482d7e8243fb6b460c35d5eb6d9b57acb4ec02e0222d0d880b76,a,/html/article/div/div/a[4],About Us,515,740,94,138,4
1cf4d5f626d0445da9d7492aab84b9d3,87bf7058b0ea611d8425b13b1efca1129b152bb4cb7856b13bc22cbfdd42fc9d,input,/html/div/div/article/article[@class='card']/input[5],NULL,339,225,97,93,1
e47b6efe9a2241a893d32f237c47059b,db0d022a272b69720e1799664a05c45df4de7b85f2461d8d17ce10e712724ccf,span,/main/article/article/section/div/article/span[5],NULL,358,1441,44,235,5
49c861f709fc4a1fb75c734c52700b11,070008ef42c1abe36107ae1aa9808cc769a1f673694d23f739930f30ba78cf75,div,/body/article[@class='card']/div/article/section[@class='btn']/div[5],NULL,1234,883,37,229,0
4f6b7cf8b9154235a2b4ebbcdb217be6,f9076e8c93e770840a5cadbcf9e7e096800e424f2bc527e2cf6b3cedafa02477,span,/body/article/span[5],NULL,971,74,98,237,1
31ef19f9878846de80dbe0e4e0c929db,070008ef42c1abe36107ae1aa9808cc769a1f673694d23f739930f30ba78cf75,h1,/html/article/h1[2],Sign Up 75,501,403,69,95,2
2e42a3fd93b54e09b6e1fec3b34a2c01,2f577b5c482d5b39bd6c5236a6f0af951d7ea7cd4a73ed399f7491d0cf1a2eea,img,/html/div[@class='card']/section/img[1],NULL,611,205,74,283,5
5f1799f64a664d85943063823c9a5dcd,d978c21bb761deda6e2034860510bcdf0e729ccb1b63a252b64418f2b3910172,h2,/main/div/div[@class='form-control']/article/h2[5],Submit,1197,599,21,202,5
55e8e0f766a54c07a9f3e912f3cc243f,aa82211395b1980ae9972b75e32c21d8777549e965d02929912baf116d6c9358,input,/main/article/section[@class='container']/article[@class='nav-item']/div[@class='form-control']/input[2],NULL,959,381,94,285,4
614d71f5838c496187198eba6f017481,77e96e6578776221f909428797758852278b3d0aa8e009583fd6c1e65023e42c,a,/html/section[@class='btn']/section[@class='form-control']/section[@class='card']/div/a[2],Login,213,605,60,86,0
f1bc0ff6895d4a018fd9775bd9d0ac16,b1f99cfc70ecf663952bd7b41eccddc368f3d94b330ca891252a9f7a51ddd85f,h1,/html/div[@class='container']/section[@class='card']/div/article/article/h1[1],Contact,69,1169,78,90,4
55e599f53007490f8a015b6fe9c1fccf,6b4480e65aaeea646446e613b3ca5e8114453afdba8c81a2ea7ec67d9b3bd294,span,/body/section/div/article/section/article/span[1],NULL,392,1087,57,205,1
9506adff76fd41b99db65429e9179193,6d61f892b3e38198fa23f3ede20d0838e52466174928eceee46c8716ac26a2ec,p,/main/div/section/p[3],Contact 21,259,747,84,162,3
8e19aefef75e42fd8b738ff26bd1e274,2edfeb28707374a80b0371e0e217534776aeab113c81146eea7215fc051cb5f2,img,/html/div/div[@class='form-control']/section/img[4],NULL,1661,42,85,109,1
a39e89ffa3b4462d80a5ff744c500467,81d89299fdc38f7b01d46426c25aa8b875af5c236b8c98496f09df60e0d87f0f,input,/html/section/section/article[@class='header']/input[1],NULL,167,752,27,209,3
e5526af25d274919a82257c4a97e5a88,c5218d261a095972718a74f31a278c26aa44a490e3bb9e7afc527474ec93ecab,a,/html/div/article/a[2],Login,510,514,26,299,2
592de5f11a4541e1aecd85b950916230,070008ef42c1abe36107ae1aa9808cc769a1f673694d23f739930f30ba78cf75,h2,/body/article[@class='nav-item']/section/h2[2],Contact,1200,419,42,65,1
5466def005b844c79db8ed0398f3fcd1,0f491149ae95d59e6ada1e71dbf8bbdfaf2057dcd22244bf48394b817bd504bf,form,/main/div/article/section/div/article/form[3],NULL,756,703,69,56,3
a22e7ff1440c4da8b2b783c200ed9d82,2376de39f9d16f2eda331165151dfe8f2281caf0a446d6c63a26565ecf8fc45d,h1,/body/article/article[@class='btn']/h1[3],About Us,11,349,28,232,4
837e4ff0a08e459da38ef8245099e5a3,6d9b5027376f482d7e8243fb6b460c35d5eb6d9b57acb4ec02e0222d0d880b76,h2,/body/section/section/article/h2[5],Read More,517,60,38,142,0
53ff30f10ec34ffa8ebc40f66f461ca9,2f577b5c482d5b39bd6c5236a6f0af951d7ea7cd4a73ed399f7491d0cf1a2eea,form,/html/div/article/article[@class='card']/form[2],NULL,309,360,88,226,1
98f200f0ba6e47b3b521a94cb1b5accb,bd746a7f72e48c688cd219518c3fb074765df24d907b6c225519c0ca703f13db,form,/body/article/section/section[@class='header']/div[@class='form-control']/form[3],NULL,909,1094,57,197,4
951e77f522014ccc8bd802f504b9a9b5,eab7dd582bff3bb53aff1f2727c8d0e90d4612d607eb25cad0c867fd3f239d2a,a,/body/div[@class='header']/div[@class='card']/section[@class='nav-item']/a[1],Submit,170,381,100,108,0
e308d6f7016c443c8d3a05497b95e0c2,e6adc1c046c3a313d48c527142c807c6b8ae9988382331dff8d42a6dcc4f6448,div,/html/section/div/div[3],NULL,619,478,29,158,0
9ea4fefd884a47fe96e931bb2e45121e,d9ba1247da3c2c5c59d97d3378facc453c0eaf1d6049684d90e4c16d804541bf,a,/html/div[@class='header']/article[@class='btn']/a[3],Sign Up,45,84,74,200,5
022287fbc34147b28c6518cb91a70dd4,77e96e6578776221f909428797758852278b3d0aa8e009583fd6c1e65023e42c,input,/main/div/input[2],NULL,68,1400,54,144,4
f35e13fe8ccd4e848068f444e41829f5,ab48d0fc094fd55d1dd5b623277616bfdd6cda3327436f2a08a19a56dd247c35,a,/body/div/article[@class='card']/div[@class='card']/article/a[5],Read More 33,185,239,40,94,0
e86a2ff33cd04d91ba5526c4d9228119,aa82211395b1980ae9972b75e32c21d8777549e965d02929912baf116d6c9358,h2,/body/article/section[@class='card']/section/section/article/h2[4],Submit,228,246,82,266,5
1dcbeff62ae74a6d9cb5a2cf42475c2a,68ca2ff27d35cbb80f23d793ccebbc8bd41d9a56861a99180b41e6189d70905f,h1,/main/section/article/h1[4],Sign Up,537,787,96,167,1
ee5067f26ff74bd9a94ad4d3443c4d47,eab7dd582bff3bb53aff1f2727c8d0e90d4612d607eb25cad0c867fd3f239d2a,div,/html/article/section/div[@class='container']/article/div/div[2],NULL,775,216,95,291,1
3e407bf8a6e5407aaecbe80d98630d3d,a2d0e539e8faebd8432af14a40971cede4c2169d1473feace956648a9eb5d96f,img,/body/div/div/article[@class='nav-item']/section[@class='header']/img[4],NULL,361,441,87,156,5
516be8fc245b4acfb4ed858ae3861d08,eab7dd582bff3bb53aff1f2727c8d0e90d4612d607eb25cad0c867fd3f239d2a,button,/html/article/section/div/section/article/button[3],Sign Up,1134,56,48,198,4
103bb5f20fd44bcd813968ceb2603ea8,070008ef42c1abe36107ae1aa9808cc769a1f673694d23f739930f30ba78cf75,a,/body/section/div[@class='card']/section[@class='form-control']/article[@class='form-control']/div/a[5],Login,446,737,49,217,3
bf8e09f8efa74ad2b7b7afd5df6d5556,0f491149ae95d59e6ada1e71dbf8bbdfaf2057dcd22244bf48394b817bd504bf,div,/body/section/div/div[4],NULL,947,1807,63,102,2
9febd2fb705d4f99a97c90991723a4fd,bfe06323c194fb42b4aff9d0545e4767ee45dd1136effbd3c62fdc97a684ff1c,a,/html/div/a[1],Sign Up,146,177,75,196,4
129adbfa46694885a35e7a7c2e551285,0f491149ae95d59e6ada1e71dbf8bbdfaf2057dcd22244bf48394b817bd504bf,a,/html/section/div/section/section/a[4],Submit,383,223,90,205,4
af92bdf75caf4f7b9e074be646e8f3cb,6d9b5027376f482d7e8243fb6b460c35d5eb6d9b57acb4ec02e0222d0d880b76,a,/main/div/div/section/div/a[2],Contact,566,146,49,69,3
96544ef72cf44a1384f5821536a30a6e,81d89299fdc38f7b01d46426c25aa8b875af5c236b8c98496f09df60e0d87f0f,div,/html/div/article/div/article[@class='btn']/div[4],NULL,120,109,99,74,3
baffbbf868334bb593b847fa66567f87,eab7dd582bff3bb53aff1f2727c8d0e90d4612d607eb25cad0c867fd3f239d2a,h2,/html/div/article/section[@class='card']/article/article[@class='container']/h2[2],Read More,109,6,28,86,5
2c8b53f7f117410ab4bae43037efdbc0,1f0ed76b6aab66bc939c6af89c14d1c4d8b59f419c484d2900b34e7eff12bb37,div,/html/article/div[@class='header']/article/section/article/div[1],NULL,479,586,23,162,3
4e0070f1af1e45aab8acb6576a16f4a1,2edfeb28707374a80b0371e0e217534776aeab113c81146eea7215fc051cb5f2,h1,/html/div/div[@class='nav-item']/div[@class='card']/section/h1[4],Login,979,218,65,127,4
cf0fd7f969144a4389ab821c7929f51e,0f491149ae95d59e6ada1e71dbf8bbdfaf2057dcd22244bf48394b817bd504bf,p,/html/section/section[@class='btn']/section[@class='card']/p[5],About Us,1693,34,87,279,4
37e1c7fc90804e40911afcf13c50ed38,ea509b94c584c2813cfd6c732c8124cf689cc4c2afb8e5ca7ad270f5a457021e,a,/html/article/div/div[@class='container']/article[@class='form-control']/a[3],About Us,564,60,49,101,3
c07a9af7ca944f4687ecddfb6b672b3e,d2c0cc581433237b3ad80ce33a4dd7c7e3794988c8da8a26413c3cd283c39849,img,/main/section[@class='header']/div/img[3],NULL,795,623,83,253,1
6d1c36f842a845c395edc37b095a1232,1ac2b03e22df6f07376b193fc0e66980a07f6b39541224adae3ea219841f0fb1,img,/html/div/section/section/div/img[1],NULL,453,336,37,294,3
45c6d4fb65cc47bfb9e91a7a6b4b5a03,31fbb355ad7e68f6ddd84b0438ee9c8b1756df7087f8f933d2209609d92322c1,button,/html/section/article[@class='container']/article/article/section[@class='nav-item']/button[2],Read More,478,232,83,62,4
ba1d98f4a220436dbc3cbbd44d899131,070008ef42c1abe36107ae1aa9808cc769a1f673694d23f739930f30ba78cf75,span,/main/div[@class='header']/div/span[5],NULL,291,27,88,290,2
52cf76fe2def42a8931f30270de22e14,6d61f892b3e38198fa23f3ede20d0838e52466174928eceee46c8716ac26a2ec,img,/html/article/div/article/div/img[1],NULL,378,693,87,286,3
c75b18f026994c1ca2d9258e1626e8b9,ab48d0fc094fd55d1dd5b623277616bfdd6cda3327436f2a08a19a56dd247c35,span,/html/div/article/section/article/section[@class='form-control']/span[1],NULL,662,375,67,151,4
029f7cf6a35d4f6b8830eb57ee119464,31fbb355ad7e68f6ddd84b0438ee9c8b1756df7087f8f933d2209609d92322c1,h2,/body/section[@class='container']/h2[1],Sign Up,1043,1146,70,215,0
9da851fb60974b28a3633bca5e33f61e,ab48d0fc094fd55d1dd5b623277616bfdd6cda3327436f2a08a19a56dd247c35,h1,/body/div/div[@class='nav-item']/article/h1[1],Sign Up,879,831,26,296,5
13c9c9ff488a4885ab1468d6ba05c270,09e9fc3cd956ec93874200929558c90f27db93e91e85061a4974b6a03edda537,p,/main/article/article/section/article[@class='nav-item']/div/p[3],Login,1303,457,77,206,5
3448fafa7b51475781b431df06574933,db0d022a272b69720e1799664a05c45df4de7b85f2461d8d17ce10e712724ccf,div,/body/article[@class='card']/section/div[5],NULL,866,158,58,292,4
f3e808f2b73a4849bf0ae2594b9f941e,b1f99cfc70ecf663952bd7b41eccddc368f3d94b330ca891252a9f7a51ddd85f,span,/html/div[@class='btn']/span[2],NULL,1816,175,94,149,1
bd7e55f43013479a9b87856fd4f4bd12,2376de39f9d16f2eda331165151dfe8f2281caf0a446d6c63a26565ecf8fc45d,p,/main/article/div[@class='form-control']/p[3],Sign Up,310,54,76,58,5
ddb816f196eb44d98fa5f0663072d162,68ca2ff27d35cbb80f23d793ccebbc8bd41d9a56861a99180b41e6189d70905f,h2,/main/section/div/div/h2[4],Submit,935,443,21,190,4
6ff8c3f052ae42e68a3fbdb310f9d926,2edfeb28707374a80b0371e0e217534776aeab113c81146eea7215fc051cb5f2,img,/html/section[@class='container']/div/img[3],NULL,319,298,42,284,4
958bf2f365f94d209cd3aab45c55ec54,2f577b5c482d5b39bd6c5236a6f0af951d7ea7cd4a73ed399f7491d0cf1a2eea,input,/body/section/section[@class='container']/article/article[@class='header']/input[4],NULL,148,338,44,148,2
12a33bf25d1c4fbdb19e14c2a53da403,194c816b320e37623211e4bc97298d52a8fc7b2f3c519300d5417344f1dcb079,h1,/html/div[@class='container']/article[@class='btn']/article[@class='form-control']/h1[3],Contact,200,78,38,122,5
df0404f1626e4161a6825b13e4b0cc3a,bfe06323c194fb42b4aff9d0545e4767ee45dd1136effbd3c62fdc97a684ff1c,button,/main/section/button[2],About Us,295,729,32,39,0
18ecfdf89c074eeab84b8bbb7ee0921c,bfe06323c194fb42b4aff9d0545e4767ee45dd1136effbd3c62fdc97a684ff1c,a,/body/div/section/section[@class='container']/a[1],Submit,950,281,56,158,2
ec21e3fb8e274211ac46f15b49acb7e4,d9ba1247da3c2c5c59d97d3378facc453c0eaf1d6049684d90e4c16d804541bf,p,/html/div/div[@class='container']/p[4],Read More,44,577,80,196,0
2ffa9df565644b4798454491035cacbf,2376de39f9d16f2eda331165151dfe8f2281caf0a446d6c63a26565ecf8fc45d,p,/main/article/div/section/p[1],Read More,498,85,42,208,0
987085f9934b4e51a8f14ad5a9050cc7,71979c80142b1139e988579101522c349a07b28ee2412d5b6383f10f4e2c535e,button,/html/div/section/article/article/button[1],Sign Up,258,657,45,167,1
a6bacdf9d9e4484184656370f61f0e1e,44c5dc7973503e129bb0ca475b531371adb304bafa3274cfa325e8c75eb32ff1,p,/html/article[@class='header']/p[5],Read More,1209,776,54,81,2
108054fd4d2143d681f8c622fc781273,db0d022a272b69720e1799664a05c45df4de7b85f2461d8d17ce10e712724ccf,p,/html/section[@class='form-control']/div/p[4],Read More,180,624,72,41,1
cf1971f3bc7d4585ac8136ebce1b340c,6d61f892b3e38198fa23f3ede20d0838e52466174928eceee46c8716ac26a2ec,img,/body/div/section/section/article/img[4],NULL,822,319,32,196,0
d2f7c0fa1120471d9fef4f655e4480e4,aa82211395b1980ae9972b75e32c21d8777549e965d02929912baf116d6c9358,h2,/html/section/div/h2[1],Login,980,178,89,289,5
676f26f9057d40d388f51fb64c4c7eac,d9ba1247da3c2c5c59d97d3378facc453c0eaf1d6049684d90e4c16d804541bf,span,/html/section/article/div[@class='nav-item']/span[1],NULL,797,161,90,260,0
ddfe81fe27c644449415011aa01b657d,b1f99cfc70ecf663952bd7b41eccddc368f3d94b330ca891252a9f7a51ddd85f,button,/html/section/div/section[@class='nav-item']/article/button[1],Login,910,349,49,105,5
d5887dfaff4b46c49d181e3f953e08c4,ea509b94c584c2813cfd6c732c8124cf689cc4c2afb8e5ca7ad270f5a457021e,img,/html/div/div/article/img[1],NULL,998,389,58,229,3
6e7196f8f9684bd09ed73d46d9ec1a1c,09e9fc3cd956ec93874200929558c90f27db93e91e85061a4974b6a03edda537,p,/main/article[@class='header']/section/article/p[5],Contact,120,1194,67,96,1
712974f7e32d4a6dbdf6625d14efe9ae,e6adc1c046c3a313d48c527142c807c6b8ae9988382331dff8d42a6dcc4f6448,p,/main/article[@class='form-control']/section/p[2],Submit,629,234,89,135,5
34a421f4c4724c89b22f291665defbc5,f9076e8c93e770840a5cadbcf9e7e096800e424f2bc527e2cf6b3cedafa02477,p,/body/section/section/section[@class='container']/section[@class='nav-item']/p[4],Sign Up,572,839,69,46,2
a55bc1f4fa504191be47ffc264f3c5a7,44c5dc7973503e129bb0ca475b531371adb304bafa3274cfa325e8c75eb32ff1,img,/main/div/section/div/section/article/img[1],NULL,801,252,45,46,0
bae5f2f875104c85961bc10d9fb1214d,0f491149ae95d59e6ada1e71dbf8bbdfaf2057dcd22244bf48394b817bd504bf,form,/body/article/form[1],NULL,385,526,47,50,0
1c0f62f4c42044848c43ff350e1bba53,1ac2b03e22df6f07376b193fc0e66980a07f6b39541224adae3ea219841f0fb1,img,/body/section[@class='form-control']/img[4],NULL,337,95,49,240,0
768884fc5a7749a598f098f805cb83d9,d2c0cc581433237b3ad80ce33a4dd7c7e3794988c8da8a26413c3cd283c39849,a,/main/section/a[5],Read More,688,886,99,278,0
5cb4c2f7598e4d69adc9cbb0e13996e0,44c5dc7973503e129bb0ca475b531371adb304bafa3274cfa325e8c75eb32ff1,p,/html/section/article/div[@class='btn']/p[4],Contact,611,112,82,69,1
26ba05f88e4d4f8a922ef9ce414e0d90,71979c80142b1139e988579101522c349a07b28ee2412d5b6383f10f4e2c535e,span,/main/section/span[2],NULL,132,581,72,220,5
4501b6f1bc3c4bcab8952664864e9fa9,aa82211395b1980ae9972b75e32c21d8777549e965d02929912baf116d6c9358,div,/html/article/section/div[5],NULL,408,12,20,190,1
24172af2313c4ac6a3e74ea16258dfe3,0f491149ae95d59e6ada1e71dbf8bbdfaf2057dcd22244bf48394b817bd504bf,h2,/body/article[@class='card']/article[@class='nav-item']/h2[3],Login,1160,624,55,283,4
f29996f69f8d48d9b2fdc1859ab69772,bfe06323c194fb42b4aff9d0545e4767ee45dd1136effbd3c62fdc97a684ff1c,div,/html/div[@class='nav-item']/div[1],NULL,100,1219,37,125,3
24e587fe26e14ddf96f044e1a246bff6,ea509b94c584c2813cfd6c732c8124cf689cc4c2afb8e5ca7ad270f5a457021e,button,/html/section/button[5],Sign Up,426,1598,28,200,5
3b155bf265b7411793a93ed2688cb92f,1ac2b03e22df6f07376b193fc0e66980a07f6b39541224adae3ea219841f0fb1,img,/html/article/div/div/section/img[4],NULL,111,408,36,31,0
366747f741484559b26cab64d526edca,d978c21bb761deda6e2034860510bcdf0e729ccb1b63a252b64418f2b3910172,h1,/body/article/article/section/div/h1[1],Read More,548,13,99,41,5
50622cfc012643c9ae5d9b5999f215ae,4f91e1800ed5713b61f321141db2089ef7512cbc6beb68d152d97242e3162d8c,form,/main/div/article/form[1],NULL,174,764,96,180,4
a4d07cfbccd44ff3af1a9ea8a6ef84dc,71979c80142b1139e988579101522c349a07b28ee2412d5b6383f10f4e2c535e,form,/html/section/div/div[@class='header']/div/section/form[3],NULL,380,842,32,43,4
5fc9a6f0aada4796a9d14a5c96380414,68ca2ff27d35cbb80f23d793ccebbc8bd41d9a56861a99180b41e6189d70905f,form,/html/article[@class='form-control']/div/div/form[2],NULL,57,551,60,152,1
0de337f89ef84b06a6325a2be101a75a,a2d0e539e8faebd8432af14a40971cede4c2169d1473feace956648a9eb5d96f,form,/main/div[@class='card']/section/article/div/form[2],NULL,777,242,36,167,3
20a1e9f978e24366b234421cf09308bf,c5218d261a095972718a74f31a278c26aa44a490e3bb9e7afc527474ec93ecab,button,/main/div/section[@class='nav-item']/div[@class='container']/article/article/button[2],Sign Up,14,882,32,260,5
f77c71f15d4e4210a01ea4fb2ddc23a4,1ac2b03e22df6f07376b193fc0e66980a07f6b39541224adae3ea219841f0fb1,h1,/html/article/div[@class='form-control']/h1[5],Read More,718,421,46,264,1
ba5b38f593e9437781381ac5001893cd,070008ef42c1abe36107ae1aa9808cc769a1f673694d23f739930f30ba78cf75,p,/body/section/article[@class='btn']/p[3],Read More,602,230,81,171,0
b97e95f826c1431d8ce3706af413d061,d2c0cc581433237b3ad80ce33a4dd7c7e3794988c8da8a26413c3cd283c39849,p,/main/section/p[5],Contact,427,20,54,280,4
6d8ee0f4eb0d4161babc5fc716b069d6,87bf7058b0ea611d8425b13b1efca1129b152bb4cb7856b13bc22cbfdd42fc9d,form,/html/section/form[3],NULL,347,34,54,102,2
3fb6a5f0d0b6480380ca1b3755b4b4b9,e6adc1c046c3a313d48c527142c807c6b8ae9988382331dff8d42a6dcc4f6448,input,/main/article/input[3],NULL,583,440,41,156,0
3225f3fd4f8f44999abb7d0340004379,eab7dd582bff3bb53aff1f2727c8d0e90d4612d607eb25cad0c867fd3f239d2a,span,/main/div/article[@class='form-control']/article/article/span[2],NULL,556,629,96,146,0
96fee3f4604f4a0f939c38b9202bff7a,d2c0cc581433237b3ad80ce33a4dd7c7e3794988c8da8a26413c3cd283c39849,img,/body/article/section/section[@class='header']/section[@class='header']/article/img[3],NULL,568,487,54,146,5
0bbde0f0da734ec5b61f43c655890eab,81d89299fdc38f7b01d46426c25aa8b875af5c236b8c98496f09df60e0d87f0f,input,/html/section[@class='nav-item']/article/input[2],NULL,229,1055,36,136,1
271b2afd8ebb4e009ba4aa3f3272e78b,87bf7058b0ea611d8425b13b1efca1129b152bb4cb7856b13bc22cbfdd42fc9d,form,/html/article[@class='card']/form[3],NULL,756,903,29,270,0
f237f0ffe8824401a46aa1e376f7e0d4,2edfeb28707374a80b0371e0e217534776aeab113c81146eea7215fc051cb5f2,a,/main/article/div/section/a[1],Contact,740,526,93,138,1
22741af631b64fb8b06458478e4e2ec5,77e96e6578776221f909428797758852278b3d0aa8e009583fd6c1e65023e42c,h1,/body/article/section[@class='header']/section/div/h1[5],About Us,273,459,31,207,5
ad1318f76eed414c8f29f99855edef3c,4f91e1800ed5713b61f321141db2089ef7512cbc6beb68d152d97242e3162d8c,a,/html/div/article[@class='nav-item']/a[4],Contact 27,420,642,75,230,3
860c3ff58b734463a3fc69d0dd4833e1,2f577b5c482d5b39bd6c5236a6f0af951d7ea7cd4a73ed399f7491d0cf1a2eea,form,/html/section/form[3],NULL,787,75,60,75,1
de3a11fef57f4f04b05df67c5b02ad94,68ca2ff27d35cbb80f23d793ccebbc8bd41d9a56861a99180b41e6189d70905f,p,/body/div[@class='card']/article/section/p[4],Login,330,1321,63,281,3
c27740f80a4140b9bbce310b6326d30a,c5218d261a095972718a74f31a278c26aa44a490e3bb9e7afc527474ec93ecab,img,/main/section/div/div[@class='card']/div/img[3],NULL,267,153,89,107,4
7ac773f3f434411caf95f1b80b4764d4,1e23114f30859564fa935ac749bb790ad1a06acc0f9f8ec416c24760477d389e,input,/html/article[@class='card']/div/article/article[@class='nav-item']/input[5],NULL,446,511,57,118,0
e6b6b3fb4bc9472a99cf6529341f0b5a,7ceb48a68eb341d2bd1540bb98f4590e73c6b55aab9d86f8d99a6deef11089d8,button,/body/div/div/div/button[1],Submit,288,594,29,203,4
7f5ac3f5a48b4ecf955aeaae5032a167,eab7dd582bff3bb53aff1f2727c8d0e90d4612d607eb25cad0c867fd3f239d2a,a,/html/article[@class='card']/article[@class='card']/a[5],Sign Up,261,598,84,170,0
3b7688f686ab478ca2c2e2e79d8e8fac,2f577b5c482d5b39bd6c5236a6f0af951d7ea7cd4a73ed399f7491d0cf1a2eea,span,/body/article/div[@class='nav-item']/section[@class='nav-item']/article/section/span[1],NULL,658,595,30,293,1
d29b16f123d440068c25846e4acdd60d,d978c21bb761deda6e2034860510bcdf0e729ccb1b63a252b64418f2b3910172,form,/main/article/div[@class='form-control']/section/section/form[4],NULL,119,518,44,160,4
6acac4f170bd4cc8b3e671821b7fe1ca,68ca2ff27d35cbb80f23d793ccebbc8bd41d9a56861a99180b41e6189d70905f,img,/main/section/div/img[4],NULL,392,1639,52,56,2
036a8ef32f15497697cbdc0804ccfacc,09e9fc3cd956ec93874200929558c90f27db93e91e85061a4974b6a03edda537,form,/main/div[@class='container']/form[1],NULL,670,619,95,99,2
00887cf0ac0546d0b38f97d661e5b24f,bd746a7f72e48c688cd219518c3fb074765df24d907b6c225519c0ca703f13db,span,/main/section/section/section/section/span[4],NULL,527,292,70,224,2
e56429f22ef84396be53a97e2209b796,ab48d0fc094fd55d1dd5b623277616bfdd6cda3327436f2a08a19a56dd247c35,img,/html/section/section/img[5],NULL,271,847,31,221,5
38f065fa99bd41df8c624f41add754a2,6d9b5027376f482d7e8243fb6b460c35d5eb6d9b57acb4ec02e0222d0d880b76,button,/main/section/div/button[4],Read More,540,1158,34,251,2
88fed1fde1634ba4a4786ac38ed1a245,05157bf78fcc164f12b663ad20d3363e79a1ecb11b1171345b4da1248f399edd,div,/main/article[@class='btn']/article[@class='container']/div/article[@class='btn']/section/div[2],NULL,705,974,96,298,1
98070dffbe414871abc310a3cee566c6,0f491149ae95d59e6ada1e71dbf8bbdfaf2057dcd22244bf48394b817bd504bf,img,/body/article[@class='btn']/img[2],NULL,403,254,62,85,0
2a77ecfac43b4c96a731206ad69ecf0b,194c816b320e37623211e4bc97298d52a8fc7b2f3c519300d5417344f1dcb079,h2,/main/section/div/section/article[@class='header']/div/h2[4],Sign Up,1012,468,84,232,1
a032b9fe84024b88b24c8a0aae61b05c,070008ef42c1abe36107ae1aa9808cc769a1f673694d23f739930f30ba78cf75,h1,/html/div/h1[1],Sign Up 2,155,1816,45,212,1
434b60fde069487fb31bacaf47a6e888,6d9b5027376f482d7e8243fb6b460c35d5eb6d9b57acb4ec02e0222d0d880b76,h2,/body/article[@class='form-control']/section/article/h2[3],Contact 40,594,189,32,95,2
9ca12bf7594040209e4846a0b12cf619,68ca2ff27d35cbb80f23d793ccebbc8bd41d9a56861a99180b41e6189d70905f,h2,/html/section/h2[2],Contact 91,1,605,78,97,1
c195c3f5e975413bae81df9be3a74bb0,de78eb138d99ea8c0640c4bd013755d2a6a1d98c9beb0e72ab0f64ca35754f2c,img,/main/article/img[4],NULL,1015,547,68,146,4
32f68ff8114b4f2c895ad576bae596ca,db0d022a272b69720e1799664a05c45df4de7b85f2461d8d17ce10e712724ccf,div,/html/div/div/div[1],NULL,212,510,81,167,0
a571d2f4ea8d40b8af8f2d934f4a9347,d978c21bb761deda6e2034860510bcdf0e729ccb1b63a252b64418f2b3910172,input,/main/section/input[5],NULL,644,404,30,56,2
73cd82f7da82441dad477be9ba7567ca,f9076e8c93e770840a5cadbcf9e7e096800e424f2bc527e2cf6b3cedafa02477,h1,/html/section[@class='nav-item']/section[@class='btn']/article/section[@class='btn']/h1[5],Read More 81,372,474,76,120,0
d52d28f502c7486980b5da6acf1d933f,7ceb48a68eb341d2bd1540bb98f4590e73c6b55aab9d86f8d99a6deef11089d8,h2,/body/section/section[@class='nav-item']/article/section/article[@class='container']/h2[4],Submit,6,711,34,248,2
6e0764f944ec43f5b366d0fc52875e7f,e6adc1c046c3a313d48c527142c807c6b8ae9988382331dff8d42a6dcc4f6448,img,/html/article/div[@class='form-control']/img[3],NULL,858,623,43,181,2
e1688af91f97446ebc83987b6ea79240,6b4480e65aaeea646446e613b3ca5e8114453afdba8c81a2ea7ec67d9b3bd294,form,/body/section[@class='nav-item']/form[4],NULL,649,924,49,122,2
3ee444f81e794d71be818723f98fb05a,71979c80142b1139e988579101522c349a07b28ee2412d5b6383f10f4e2c535e,p,/main/section/p[2],About Us,262,397,97,237,4
0d5d4bf7748c4154921efab8981af04d,d978c21bb761deda6e2034860510bcdf0e729ccb1b63a252b64418f2b3910172,a,/html/article/article/section[@class='container']/section/a[1],About Us,879,510,98,172,5
c4e101f7a09d41a29e0c4c871b59a1df,1f0ed76b6aab66bc939c6af89c14d1c4d8b59f419c484d2900b34e7eff12bb37,span,/html/div[@class='btn']/div/article[@class='nav-item']/span[4],NULL,155,219,70,152,4
b6f83cf4280a46ee947f8bcc0f317917,d2c0cc581433237b3ad80ce33a4dd7c7e3794988c8da8a26413c3cd283c39849,span,/body/div[@class='container']/span[4],NULL,91,947,80,269,1
700b9bfd05ae4f77a6cdc19010a7bba0,4f91e1800ed5713b61f321141db2089ef7512cbc6beb68d152d97242e3162d8c,img,/html/div[@class='card']/section/div/article/article/img[1],NULL,85,858,45,219,1
af9bd2f120e14b72b23e7317bc343dd6,db0d022a272b69720e1799664a05c45df4de7b85f2461d8d17ce10e712724ccf,form,/main/section/article[@class='btn']/section/article/div[@class='header']/form[4],NULL,0,1281,45,170,5
f5e245f42f84478a82bff5d0f6ead19a,a2d0e539e8faebd8432af14a40971cede4c2169d1473feace956648a9eb5d96f,span,/main/article/span[1],NULL,1533,1061,24,292,1
c4f520f7a1bd4a21bd679a96b7cb02bd,2f577b5c482d5b39bd6c5236a6f0af951d7ea7cd4a73ed399f7491d0cf1a2eea,span,/body/article/article/div/span[4],NULL,814,510,41,173,2
42cdbdfc8c8a40a085309e1d65fd974b,87bf7058b0ea611d8425b13b1efca1129b152bb4cb7856b13bc22cbfdd42fc9d,h1,/main/section/article/section/h1[5],Sign Up,570,207,75,76,3
e13614f091ff4cee965dcd8f0557971e,6d61f892b3e38198fa23f3ede20d0838e52466174928eceee46c8716ac26a2ec,a,/html/section/div/article/article/section[@class='card']/a[3],Read More,1032,505,54,124,5
58f393f8f6fe40fb95f6c11487ba6b65,44c5dc7973503e129bb0ca475b531371adb304bafa3274cfa325e8c75eb32ff1,div,/main/div/article/article/div[4],NULL,584,378,83,131,4
51d8f7f9ae2746d38acc0de2e5352a5f,71979c80142b1139e988579101522c349a07b28ee2412d5b6383f10f4e2c535e,span,/html/div[@class='card']/article[@class='card']/span[2],NULL,976,482,59,203,4
b6e3f9fd60c349fbae3952193688017d,a2d0e539e8faebd8432af14a40971cede4c2169d1473feace956648a9eb5d96f,button,/body/article/div[@class='nav-item']/section[@class='header']/article[@class='card']/article[@class='header']/button[5],Read More,191,209,39,201,5
68fd09fab47b4df8bf60084c95c5f949,ea509b94c584c2813cfd6c732c8124cf689cc4c2afb8e5ca7ad270f5a457021e,input,/body/div/input[4],NULL,1268,581,60,151,4
75add1f8abdf4cb0b4ca2ef3062771b2,6d61f892b3e38198fa23f3ede20d0838e52466174928eceee46c8716ac26a2ec,img,/main/article/section/div/article[@class='form-control']/img[4],NULL,247,835,61,171,2
78a9c5f695794bee800bdcb95b59653f,7ceb48a68eb341d2bd1540bb98f4590e73c6b55aab9d86f8d99a6deef11089d8,button,/html/section[@class='btn']/article[@class='header']/section[@class='nav-item']/button[5],About Us,1050,503,57,96,4
270376f4fd014a418c16b3d3202a4e1b,a2d0e539e8faebd8432af14a40971cede4c2169d1473feace956648a9eb5d96f,p,/main/div/p[2],About Us,371,58,37,43,0
11726bf6f0d84cedba29f0906c290c9c,1e23114f30859564fa935ac749bb790ad1a06acc0f9f8ec416c24760477d389e,input,/html/section/section[@class='nav-item']/div/div[@class='form-control']/input[3],NULL,410,1169,93,111,0
1827c4fd998f4d35a21ad4fb18ed5891,68ca2ff27d35cbb80f23d793ccebbc8bd41d9a56861a99180b41e6189d70905f,form,/body/div[@class='btn']/form[3],NULL,497,2,61,107,4
ef6598f088d04c84805727bbd4224e2c,09e9fc3cd956ec93874200929558c90f27db93e91e85061a4974b6a03edda537,p,/main/section/article/section[@class='nav-item']/article[@class='header']/p[2],About Us,222,349,51,48,2
0cd4cdfbe86a4973ab233c3445a6666e,87bf7058b0ea611d8425b13b1efca1129b152bb4cb7856b13bc22cbfdd42fc9d,h2,/html/section/div[@class='nav-item']/section/div/h2[2],Submit,1378,77,30,183,2
36b1c9fa4f014260ba083a7b3b628389,aa82211395b1980ae9972b75e32c21d8777549e965d02929912baf116d6c9358,input,/main/section/section/article/div/div/input[1],NULL,349,639,96,160,1
78be9cfa24394fde934b7a52ba52521f,6d61f892b3e38198fa23f3ede20d0838e52466174928eceee46c8716ac26a2ec,img,/html/section/article[@class='card']/article/section[@class='container']/img[3],NULL,1033,1208,32,91,5
d842cdf8c5684d639ac5f1edaf6eb914,f9076e8c93e770840a5cadbcf9e7e096800e424f2bc527e2cf6b3cedafa02477,button,/html/article[@class='form-control']/button[4],Sign Up,1569,986,50,220,5
c15d61fe10394d46a582acecf35a986f,ab48d0fc094fd55d1dd5b623277616bfdd6cda3327436f2a08a19a56dd247c35,h1,/main/div/article/section[@class='container']/section[@class='card']/article/h1[3],Read More,690,72,67,54,1
6e7e43fb012842e8b1c3883433d83900,09e9fc3cd956ec93874200929558c90f27db93e91e85061a4974b6a03edda537,a,/html/div/section/a[1],Submit,38,83,88,48,5
df3f7df5047c49e9900ef0b57393e488,b1f99cfc70ecf663952bd7b41eccddc368f3d94b330ca891252a9f7a51ddd85f,a,/html/article[@class='form-control']/a[3],Read More,851,66,28,65,2
3a4bcdf23d544b8d923b7a7b5e5ddbd8,7ceb48a68eb341d2bd1540bb98f4590e73c6b55aab9d86f8d99a6deef11089d8,div,/html/div/section/div/div[5],NULL,642,348,59,119,0
6dcce7fabdd448fa9305d5d5736dcb8e,09e9fc3cd956ec93874200929558c90f27db93e91e85061a4974b6a03edda537,form,/html/article[@class='card']/form[3],NULL,112,627,37,104,1
1b4e4df9259f4c619ee8745e50ab07e2,2edfeb28707374a80b0371e0e217534776aeab113c81146eea7215fc051cb5f2,img,/html/section/article/div[@class='header']/article/img[4],NULL,482,267,84,248,0
359beffa68a94502916c814a8034ae58,71979c80142b1139e988579101522c349a07b28ee2412d5b6383f10f4e2c535e,p,/html/div/section/article/p[1],Submit 41,905,410,56,193,4
1b189af21cf04a7d8d359b8049656097,eab7dd582bff3bb53aff1f2727c8d0e90d4612d607eb25cad0c867fd3f239d2a,p,/main/section[@class='header']/section/div/div[@class='nav-item']/article/p[1],Read More,576,2,37,247,4
7f8092fe3a99499cbd84f4ed85b31399,1ac2b03e22df6f07376b193fc0e66980a07f6b39541224adae3ea219841f0fb1,input,/main/section[@class='container']/section[@class='card']/article/section[@class='nav-item']/input[4],NULL,491,67,29,232,3
d37410f5d8314187919a6ef764c6a56d,a2d0e539e8faebd8432af14a40971cede4c2169d1473feace956648a9eb5d96f,h1,/body/section/div/h1[3],About Us,963,285,89,213,4
3e7565f70cdb48cdb8f47b92b0b71f35,31fbb355ad7e68f6ddd84b0438ee9c8b1756df7087f8f933d2209609d92322c1,a,/html/section/div/a[5],About Us,501,598,88,33,3
7d216bf6b7a44a5d861e8aa192806cc8,5e9d615d421d90e32c01e4c62add1c3318a07bddcbc05f762d19c3413ad2f0d7,a,/html/article[@class='container']/div/div[@class='card']/section[@class='btn']/a[1],About Us 96,954,618,80,166,5
df2946fc354a4bd1b502036a2f4cd61d,d9ba1247da3c2c5c59d97d3378facc453c0eaf1d6049684d90e4c16d804541bf,input,/html/section/article[@class='card']/input[2],NULL,44,1191,66,87,3
802c54fe6d62456d80194d02970cd034,6d61f892b3e38198fa23f3ede20d0838e52466174928eceee46c8716ac26a2ec,form,/body/article[@class='form-control']/section[@class='form-control']/section[@class='nav-item']/form[1],NULL,627,55,85,65,5
0d1616f9d3814901b130150c7c6af90e,6d9b5027376f482d7e8243fb6b460c35d5eb6d9b57acb4ec02e0222d0d880b76,p,/html/div/article/div[@class='header']/section/div/p[4],Submit,386,277,70,95,5
e41befffae4e4f14a8bf4ae047ee00b1,71979c80142b1139e988579101522c349a07b28ee2412d5b6383f10f4e2c535e,h1,/main/article/div[@class='card']/article/section/h1[1],Contact,831,305,71,64,3
ba1379feb57a483baefa13c47d75ee76,6d9b5027376f482d7e8243fb6b460c35d5eb6d9b57acb4ec02e0222d0d880b76,span,/body/div/article/span[1],NULL,155,576,100,257,1
9fc6faf7692e418092f28b61c7c14822,e6adc1c046c3a313d48c527142c807c6b8ae9988382331dff8d42a6dcc4f6448,h2,/main/div[@class='container']/h2[2],Contact 88,274,1398,83,173,1
14e459f758b64625ada9a051f6d8fcf6,d2c0cc581433237b3ad80ce33a4dd7c7e3794988c8da8a26413c3cd283c39849,p,/main/article/div/p[4],Submit,207,351,68,248,0
2d0266faffc148539af5a1f9e9c23d0c,77e96e6578776221f909428797758852278b3d0aa8e009583fd6c1e65023e42c,form,/html/section/section/article/form[5],NULL,235,1642,59,263,2
4c7084f4966d4195b14baa1fa75faad8,81d89299fdc38f7b01d46426c25aa8b875af5c236b8c98496f09df60e0d87f0f,a,/body/section/a[1],About Us,513,1128,47,146,0
98c9f4f2f11746db872e347db90b18b5,68ca2ff27d35cbb80f23d793ccebbc8bd41d9a56861a99180b41e6189d70905f,div,/main/section/div[5],NULL,259,610,100,207,0
85b790f7ac26498dac311e60b65f9652,aa82211395b1980ae9972b75e32c21d8777549e965d02929912baf116d6c9358,h2,/html/article/article/h2[5],Sign Up,208,328,67,260,5
a98fadf1ea0040ae9298787ed3c974d4,81d89299fdc38f7b01d46426c25aa8b875af5c236b8c98496f09df60e0d87f0f,h1,/body/article[@class='header']/div/section[@class='container']/div/section[@class='container']/h1[5],Login,251,375,42,151,5
019de6f0e7bd421299dae7735aa53a9f,db0d022a272b69720e1799664a05c45df4de7b85f2461d8d17ce10e712724ccf,a,/html/article[@class='form-control']/div[@class='form-control']/div/article[@class='container']/section/a[3],Submit,1024,578,74,266,3
27dee8ff0bc0497f846a8f57f119b60f,bfe06323c194fb42b4aff9d0545e4767ee45dd1136effbd3c62fdc97a684ff1c,img,/body/article/section/div/article[@class='card']/div[@class='container']/img[5],NULL,1001,383,22,280,2
04aa8cf64c234f0e978eefca44a27540,81d89299fdc38f7b01d46426c25aa8b875af5c236b8c98496f09df60e0d87f0f,button,/body/div/div/div[@class='btn']/article/div/button[2],Sign Up,76,782,44,66,2
db6b7ff3b4554df0a621fd0ac24502e2,5e9d615d421d90e32c01e4c62add1c3318a07bddcbc05f762d19c3413ad2f0d7,input,/body/section[@class='header']/article/input[4],NULL,573,1322,75,136,3
746156fe692a48118c2835379be2ea26,2376de39f9d16f2eda331165151dfe8f2281caf0a446d6c63a26565ecf8fc45d,div,/html/article/div/article/div/div[5],NULL,535,335,23,95,0
1b2d79f7ca954044ae82049accb202b3,194c816b320e37623211e4bc97298d52a8fc7b2f3c519300d5417344f1dcb079,h1,/main/article/h1[3],Read More,637,58,26,72,4
909f35f83f5c4a63916289e02b2c1222,1ac2b03e22df6f07376b193fc0e66980a07f6b39541224adae3ea219841f0fb1,span,/main/div/span[4],NULL,247,152,54,197,0
fe75e3f78a914cb6ab68981da2f9b7d0,6d9b5027376f482d7e8243fb6b460c35d5eb6d9b57acb4ec02e0222d0d880b76,p,/body/article/p[2],Submit 94,29,86,78,71,0
e84e00fdedb24728832117509ca27ca7,a2d0e539e8faebd8432af14a40971cede4c2169d1473feace956648a9eb5d96f,img,/body/article/section[@class='container']/article[@class='header']/img[1],NULL,141,1159,53,209,4
309d54f7e054463e9167aa12d3eef1e4,87bf7058b0ea611d8425b13b1efca1129b152bb4cb7856b13bc22cbfdd42fc9d,button,/body/article/section/article/section[@class='form-control']/button[1],About Us 47,165,472,38,111,5
b566a7f3124641e8b6bbdc5050de4279,77e96e6578776221f909428797758852278b3d0aa8e009583fd6c1e65023e42c,form,/html/div[@class='form-control']/section/form[5],NULL,536,1035,78,284,5
08aa4ef3ff89454ba6372f7f3a7b4a7a,2f577b5c482d5b39bd6c5236a6f0af951d7ea7cd4a73ed399f7491d0cf1a2eea,h2,/body/section[@class='card']/article/section/article/h2[4],Read More,575,128,81,115,0
92938bfe8c5a47d29b06ad7028395e26,d978c21bb761deda6e2034860510bcdf0e729ccb1b63a252b64418f2b3910172,span,/main/article/section/span[4],NULL,1164,1008,30,220,1
76ef5cf0a22c418d9e438517d02b6379,7ceb48a68eb341d2bd1540bb98f4590e73c6b55aab9d86f8d99a6deef11089d8,h1,/main/article/article[@class='form-control']/div/h1[3],Login,344,1595,40,66,0
c5d9a1f26ff444a7a23c0c73d427e87b,77e96e6578776221f909428797758852278b3d0aa8e009583fd6c1e65023e42c,img,/main/article/article/img[3],NULL,447,365,85,266,5
c1a56dfdcc784fe3b2b9d27a01bcd4b2,6d61f892b3e38198fa23f3ede20d0838e52466174928eceee46c8716ac26a2ec,img,/body/article[@class='header']/article/img[4],NULL,258,162,90,225,2
d0c19bf1fd3743ce8671a7a21594d486,e6adc1c046c3a313d48c527142c807c6b8ae9988382331dff8d42a6dcc4f6448,span,/main/div[@class='btn']/section[@class='container']/article[@class='container']/section/article/span[2],NULL,335,363,59,62,3
7ec0b5f5ba9544fdb83aaeedd3e101e4,b1f99cfc70ecf663952bd7b41eccddc368f3d94b330ca891252a9f7a51ddd85f,p,/body/div/article/article[@class='btn']/div/p[4],Login 76,500,451,22,234,0
090d76f3a3fc428387bee8c7ea58b65f,4f91e1800ed5713b61f321141db2089ef7512cbc6beb68d152d97242e3162d8c,div,/body/div/section/div[3],NULL,784,1443,21,114,0
03c9d8fbdd29491490a0a24261bc26f8,2376de39f9d16f2eda331165151dfe8f2281caf0a446d6c63a26565ecf8fc45d,a,/html/div/div/section/article/article[@class='btn']/a[5],About Us,980,301,89,258,5
865a1cf6544d49bbbcb859537e7bb164,070008ef42c1abe36107ae1aa9808cc769a1f673694d23f739930f30ba78cf75,h1,/html/section/article[@class='card']/section/section/h1[2],About Us 2,512,530,46,180,5
065ff9f595834469a9b6d6a1719ae702,09e9fc3cd956ec93874200929558c90f27db93e91e85061a4974b6a03edda537,button,/body/article/div[@class='form-control']/div/div/section[@class='btn']/button[1],About Us,548,484,41,51,0
00c0def8a3e94bf8a2851d9a2c7a8d4e,6b4480e65aaeea646446e613b3ca5e8114453afdba8c81a2ea7ec67d9b3bd294,p,/main/article/p[2],Sign Up,1576,638,89,44,3
c6df9dfdc9ec4cc28b4cc355214f1ce8,09e9fc3cd956ec93874200929558c90f27db93e91e85061a4974b6a03edda537,img,/main/article/section/section/article/img[1],NULL,323,671,35,177,2
93c254f4e12f4701846da9a890f0e315,c5218d261a095972718a74f31a278c26aa44a490e3bb9e7afc527474ec93ecab,input,/html/div/article[@class='header']/section/div/input[5],NULL,578,120,28,208,5
5c2d8ff113d24532b56a470f3b1b0e9f,2edfeb28707374a80b0371e0e217534776aeab113c81146eea7215fc051cb5f2,h1,/html/section[@class='container']/article/article[@class='header']/h1[1],Login,1628,1110,34,167,3
20d984f582884739bf8bb441513b1fd3,77e96e6578776221f909428797758852278b3d0aa8e009583fd6c1e65023e42c,a,/body/article[@class='nav-item']/div/article/section/section[@class='form-control']/a[3],Login 32,365,61,32,257,5
fa8b97ff26d246fbac52be4375544576,09e9fc3cd956ec93874200929558c90f27db93e91e85061a4974b6a03edda537,h2,/main/section/h2[4],About Us,590,1620,49,122,4
b06009f927354d788ea7092227072565,5e9d615d421d90e32c01e4c62add1c3318a07bddcbc05f762d19c3413ad2f0d7,p,/body/section[@class='container']/p[4],About Us,399,540,75,115,4
ddc260f69d724025b58fa7c26bcbadbc,a2d0e539e8faebd8432af14a40971cede4c2169d1473feace956648a9eb5d96f,span,/html/section[@class='btn']/section/section/span[2],NULL,1216,363,92,152,5
80bb50f19b0142dc83871bb212b07162,2376de39f9d16f2eda331165151dfe8f2281caf0a446d6c63a26565ecf8fc45d,h1,/html/article[@class='nav-item']/h1[2],Login,677,1632,71,217,3
c5a63bff5f9647aab4e60e9854e3971f,d9ba1247da3c2c5c59d97d3378facc453c0eaf1d6049684d90e4c16d804541bf,span,/html/article[@class='btn']/article/article/article/article/span[5],NULL,196,303,83,73,0
0aeb62f5b7fa4584bfec953d6bc2757d,ab48d0fc094fd55d1dd5b623277616bfdd6cda3327436f2a08a19a56dd247c35,h2,/main/div/h2[3],Login 39,123,194,41,239,1
9a2ccefff9da40789b2bae9d950ef0a8,eab7dd582bff3bb53aff1f2727c8d0e90d4612d607eb25cad0c867fd3f239d2a,h2,/main/div/section[@class='card']/article/div[@class='container']/h2[3],Sign Up,113,212,60,162,5
a76bbef489e244dba4db3539e6c4ea30,09e9fc3cd956ec93874200929558c90f27db93e91e85061a4974b6a03edda537,p,/main/section[@class='form-control']/p[1],Login,385,674,72,272,3
5238a9fee00745518ebe8504cb711a4e,31fbb355ad7e68f6ddd84b0438ee9c8b1756df7087f8f933d2209609d92322c1,img,/main/article/img[3],NULL,39,76,57,220,3
3a24eeffcaf44970b0551097262b64ef,f9076e8c93e770840a5cadbcf9e7e096800e424f2bc527e2cf6b3cedafa02477,input,/html/section/article/article[@class='card']/input[5],NULL,722,512,100,288,3
bd7b99fc65de48b98242608cc63c604a,194c816b320e37623211e4bc97298d52a8fc7b2f3c519300d5417344f1dcb079,input,/main/section/section/input[1],NULL,908,569,70,283,1
344fd7fe2f35414483818fdcf4300a27,194c816b320e37623211e4bc97298d52a8fc7b2f3c519300d5417344f1dcb079,h2,/html/section/section/article/section/article/h2[4],Sign Up 44,446,700,87,292,0
6d128df7d8ab46dc88c46d484b705a7b,0f491149ae95d59e6ada1e71dbf8bbdfaf2057dcd22244bf48394b817bd504bf,button,/body/div/article/div[@class='form-control']/article[@class='header']/div/button[3],Submit,169,974,71,139,1
498556f3f85942d9b82c85f5593484ef,bfe06323c194fb42b4aff9d0545e4767ee45dd1136effbd3c62fdc97a684ff1c,input,/html/article/div/article/section/input[3],NULL,705,118,42,32,3
a95489fadbcb4271ab0b61c2c0eede70,bd746a7f72e48c688cd219518c3fb074765df24d907b6c225519c0ca703f13db,img,/html/section[@class='card']/article[@class='header']/img[3],NULL,779,375,58,269,1
d6529afe1a7b433c90595fa8acad059e,44c5dc7973503e129bb0ca475b531371adb304bafa3274cfa325e8c75eb32ff1,form,/html/section/form[3],NULL,1179,1044,55,265,5
11ccb1f09987468c93362039659c5e80,ea509b94c584c2813cfd6c732c8124cf689cc4c2afb8e5ca7ad270f5a457021e,button,/html/div/button[2],Submit 10,654,792,51,252,3
f2e5ebfb946240349d0960393c961476,6b4480e65aaeea646446e613b3ca5e8114453afdba8c81a2ea7ec67d9b3bd294,button,/body/section[@class='btn']/article/div/article[@class='btn']/article[@class='card']/button[4],Contact,215,678,83,224,1
c8f22cff6ba34dc9b9fbdb20919487f9,6b4480e65aaeea646446e613b3ca5e8114453afdba8c81a2ea7ec67d9b3bd294,img,/body/article/section[@class='btn']/section/img[2],NULL,346,380,63,297,5
8a891dff079c472a85c307935340b7c7,1f0ed76b6aab66bc939c6af89c14d1c4d8b59f419c484d2900b34e7eff12bb37,form,/html/div/div/article/div/div/form[3],NULL,218,1739,51,224,5
7eadc5fdfd9541629e42ae1d7d50c71f,1f0ed76b6aab66bc939c6af89c14d1c4d8b59f419c484d2900b34e7eff12bb37,span,/body/section/div[@class='header']/div/span[1],NULL,375,50,62,83,4
2731d2f2a96f46dd927570a813728781,2376de39f9d16f2eda331165151dfe8f2281caf0a446d6c63a26565ecf8fc45d,a,/html/div/a[3],About Us 78,534,20,29,267,5
36e209ff4518429498097dd59b6c66cb,bfe06323c194fb42b4aff9d0545e4767ee45dd1136effbd3c62fdc97a684ff1c,h1,/body/section/section/article/article[@class='form-control']/section[@class='form-control']/h1[5],About Us,491,482,23,142,3
9b85bff9a9334585a553d8811060c3c3,bd746a7f72e48c688cd219518c3fb074765df24d907b6c225519c0ca703f13db,div,/body/section/div/div[5],NULL,398,844,80,151,4
a4438df3a8fd4873b05c50969410e6d4,d2c0cc581433237b3ad80ce33a4dd7c7e3794988c8da8a26413c3cd283c39849,h1,/main/section/h1[1],Login 22,313,1004,37,156,5
08cf33f2d91846d591b4122bca4e3afc,f9076e8c93e770840a5cadbcf9e7e096800e424f2bc527e2cf6b3cedafa02477,img,/html/article[@class='form-control']/section/div/img[3],NULL,761,1309,36,238,3
1e7c6efd4628415692d8e6a7e43051b1,d2c0cc581433237b3ad80ce33a4dd7c7e3794988c8da8a26413c3cd283c39849,span,/main/article/div/span[3],NULL,1003,641,59,54,0
3355a4f24b174229ac3e4bb218003fbf,db0d022a272b69720e1799664a05c45df4de7b85f2461d8d17ce10e712724ccf,a,/body/section/div/a[5],Submit 33,913,56,64,227,0
b77582f692664403ba91e838d0113e36,c5218d261a095972718a74f31a278c26aa44a490e3bb9e7afc527474ec93ecab,span,/html/section/article[@class='btn']/section/div[@class='container']/article/span[3],NULL,690,555,89,191,4
ac30f8fcb7f74b1bba8d43886dbe7e80,44c5dc7973503e129bb0ca475b531371adb304bafa3274cfa325e8c75eb32ff1,button,/html/div/article[@class='nav-item']/button[4],Login,203,145,35,237,4
dc3910f2d57a4d309066ac08d14f41da,0f491149ae95d59e6ada1e71dbf8bbdfaf2057dcd22244bf48394b817bd504bf,h1,/main/article[@class='card']/div/article/h1[3],Read More,516,677,65,233,4
1fbcf3f3558d4ce5b56f4f745f712b8c,1e23114f30859564fa935ac749bb790ad1a06acc0f9f8ec416c24760477d389e,h1,/body/article/h1[3],Contact,1166,241,93,110,1
558281f0631c49bf8bde21b9627f481c,09e9fc3cd956ec93874200929558c90f27db93e91e85061a4974b6a03edda537,h1,/body/div/article[@class='nav-item']/article/section/h1[3],Contact,127,1164,52,88,4
84c7c3f3f54042f193308ab05db14f33,aa82211395b1980ae9972b75e32c21d8777549e965d02929912baf116d6c9358,span,/main/article/section[@class='container']/div/span[1],NULL,25,794,24,68,5
f06f57fcda81485095867aefae754d24,68ca2ff27d35cbb80f23d793ccebbc8bd41d9a56861a99180b41e6189d70905f,img,/main/article[@class='form-control']/article/div/article[@class='card']/section[@class='header']/img[2],NULL,568,606,54,223,3
5d04dbff7238482897d7e728820d7492,6d61f892b3e38198fa23f3ede20d0838e52466174928eceee46c8716ac26a2ec,form,/main/article[@class='header']/form[4],NULL,495,230,92,75,2
d4ea90fec7274f47b94f099c0a7d387d,d978c21bb761deda6e2034860510bcdf0e729ccb1b63a252b64418f2b3910172,input,/body/div/input[4],NULL,294,455,32,184,1
435d17f6103d4b2895e8a39e05f03976,e6adc1c046c3a313d48c527142c807c6b8ae9988382331dff8d42a6dcc4f6448,p,/body/article[@class='container']/section[@class='btn']/section/article/p[5],Submit,554,1056,87,112,2
bd0dc9f288d74eb7b23aa90b76b031b4,87bf7058b0ea611d8425b13b1efca1129b152bb4cb7856b13bc22cbfdd42fc9d,a,/html/div/article/section/section/a[5],Sign Up 14,349,189,100,226,5
a0d7a4f99eed4956b5040a72e6b14d6b,09e9fc3cd956ec93874200929558c90f27db93e91e85061a4974b6a03edda537,h1,/html/section/article[@class='nav-item']/div/section/h1[4],Login,1503,957,94,140,1
00bdc9ff27db4f7ea300875ca35eecfd,77e96e6578776221f909428797758852278b3d0aa8e009583fd6c1e65023e42c,h2,/main/article/section[@class='nav-item']/article[@class='form-control']/section/h2[2],About Us 80,84,324,85,136,0
b875a3f9d2bc4e8dae7a2d29a011784e,a2d0e539e8faebd8432af14a40971cede4c2169d1473feace956648a9eb5d96f,form,/main/section[@class='btn']/form[3],NULL,55,1177,61,232,2
70c064f2bb1f4f2d99f47c3e4d28afbc,a2d0e539e8faebd8432af14a40971cede4c2169d1473feace956648a9eb5d96f,button,/html/article/div[@class='card']/article/div[@class='nav-item']/article[@class='container']/button[3],Contact,748,667,87,150,1
af0c57f02de140f0a6760772cab2f273,d2c0cc581433237b3ad80ce33a4dd7c7e3794988c8da8a26413c3cd283c39849,a,/html/section[@class='nav-item']/a[5],Login,625,39,57,123,3
91d8cff7896d409e966446da777d8db2,ab48d0fc094fd55d1dd5b623277616bfdd6cda3327436f2a08a19a56dd247c35,div,/main/div/article/div[3],NULL,444,718,51,197,4
4a5469fc5a3b40369423886431832d1a,09e9fc3cd956ec93874200929558c90f27db93e91e85061a4974b6a03edda537,input,/html/article[@class='card']/section/section/article[@class='form-control']/input[3],NULL,83,562,98,283,1
aceb38f1ce0d4dd4946251a063a9e149,1f0ed76b6aab66bc939c6af89c14d1c4d8b59f419c484d2900b34e7eff12bb37,p,/main/section/div/section/p[1],Contact,446,90,63,244,4
7671dbf04506452c8a953774fcf0c0a9,05157bf78fcc164f12b663ad20d3363e79a1ecb11b1171345b4da1248f399edd,h2,/body/section[@class='nav-item']/article[@class='header']/div/article/section/h2[2],Login,487,1011,48,84,5
25fecef6582c43c38c0031d9b7afd307,ea509b94c584c2813cfd6c732c8124cf689cc4c2afb8e5ca7ad270f5a457021e,h1,/body/article[@class='form-control']/section/section/section/h1[5],Submit,630,190,64,95,2
41d3dbfaafb847f0b52c3159c136aaf3,1e23114f30859564fa935ac749bb790ad1a06acc0f9f8ec416c24760477d389e,img,/body/article/div[@class='btn']/section/section/img[3],NULL,1002,1044,35,85,0
d00321f80cbc4e0a906d6c4cd022e2ac,68ca2ff27d35cbb80f23d793ccebbc8bd41d9a56861a99180b41e6189d70905f,h2,/body/div[@class='header']/article/article/section/section/h2[4],Sign Up 5,566,535,59,151,1
98a4e7f2ba274558aa5b3a04c1e9a3c1,1e23114f30859564fa935ac749bb790ad1a06acc0f9f8ec416c24760477d389e,button,/html/article[@class='card']/section/section/section/div/button[1],About Us 5,32,367,70,212,0
dfc98cfd0d39484fa99a51d565c380af,d2c0cc581433237b3ad80ce33a4dd7c7e3794988c8da8a26413c3cd283c39849,button,/body/article/section[@class='card']/div[@class='header']/div/article/button[2],Submit,551,291,67,63,0
ebd9b8f1f77e4d64a4b6b50d40fefd22,4f91e1800ed5713b61f321141db2089ef7512cbc6beb68d152d97242e3162d8c,h1,/html/article[@class='header']/section/h1[3],About Us,91,1017,99,153,2
325ac6f5b486411881377cf6afeffc1a,ea509b94c584c2813cfd6c732c8124cf689cc4c2afb8e5ca7ad270f5a457021e,h1,/main/div[@class='form-control']/div/section[@class='nav-item']/section/h1[4],Submit,531,58,45,245,1
ed9b24f27e7849eca833b83ad108ca3d,7ceb48a68eb341d2bd1540bb98f4590e73c6b55aab9d86f8d99a6deef11089d8,span,/body/section/section/section[@class='header']/article[@class='card']/span[5],NULL,664,339,80,140,0
805ebff953d84c96a0799f3a76c14304,2edfeb28707374a80b0371e0e217534776aeab113c81146eea7215fc051cb5f2,h1,/body/section/article/div/article[@class='container']/h1[4],Read More,633,486,53,206,3
3db20bfe601d43ffae9975b586bec04e,6d9b5027376f482d7e8243fb6b460c35d5eb6d9b57acb4ec02e0222d0d880b76,button,/html/div/button[1],About Us,944,1099,63,36,4
667138f082be4950acd1c8961debff20,d978c21bb761deda6e2034860510bcdf0e729ccb1b63a252b64418f2b3910172,img,/main/article/section/div/img[1],NULL,1262,727,71,35,1
365d32fd99f94b4b82439535b45ae2ce,6d61f892b3e38198fa23f3ede20d0838e52466174928eceee46c8716ac26a2ec,h2,/body/section[@class='nav-item']/section/h2[3],Submit,147,366,60,88,4
92baf8f8109c403ca041e785f8c07f2d,f9076e8c93e770840a5cadbcf9e7e096800e424f2bc527e2cf6b3cedafa02477,a,/main/article[@class='form-control']/div/section/a[1],Contact,317,1223,61,137,5
443424fbca9e4fdb9f12a5ba2ab4e836,87bf7058b0ea611d8425b13b1efca1129b152bb4cb7856b13bc22cbfdd42fc9d,img,/body/article/section/img[5],NULL,507,303,76,61,2
81217bfd98054fbb80bf8dbc474a1669,a2d0e539e8faebd8432af14a40971cede4c2169d1473feace956648a9eb5d96f,form,/body/section/section[@class='form-control']/form[1],NULL,1047,13,53,114,5
691af8fe108e4b6f8c6860b9b87d1be8,070008ef42c1abe36107ae1aa9808cc769a1f673694d23f739930f30ba78cf75,input,/main/section/article[@class='container']/div/article[@class='btn']/div/input[4],NULL,314,1012,23,230,0
b3f620f9c2904fdea6429a0d5822c208,2376de39f9d16f2eda331165151dfe8f2281caf0a446d6c63a26565ecf8fc45d,input,/html/div/input[1],NULL,1801,111,75,173,0
7850edf7f86749e4ae581ec5eafb1f0c,2f577b5c482d5b39bd6c5236a6f0af951d7ea7cd4a73ed399f7491d0cf1a2eea,button,/html/div/article[@class='btn']/div[@class='card']/article/button[5],Read More,7,126,73,196,4
1c8caaf9290643269b34cc1e46efe584,05157bf78fcc164f12b663ad20d3363e79a1ecb11b1171345b4da1248f399edd,h2,/main/article/article[@class='container']/section/article/h2[4],About Us,145,1211,78,162,1
e9b914f6b1934a1c9285167b19543b11,d2c0cc581433237b3ad80ce33a4dd7c7e3794988c8da8a26413c3cd283c39849,img,/html/article[@class='form-control']/article/article/article/article/img[2],NULL,1063,1350,44,282,0
5745fbf1c0ae47029e028d873fc3cda5,6d61f892b3e38198fa23f3ede20d0838e52466174928eceee46c8716ac26a2ec,input,/html/section/section/div/section/input[1],NULL,1174,792,60,70,0
0f1a84fed91f488c8ff96a035cdadc46,f9076e8c93e770840a5cadbcf9e7e096800e424f2bc527e2cf6b3cedafa02477,h1,/main/article[@class='container']/article/div/div/h1[2],Submit,70,385,57,111,1
298a8dfcb96441af882e0a44e6c1e61a,1f0ed76b6aab66bc939c6af89c14d1c4d8b59f419c484d2900b34e7eff12bb37,button,/html/article/article/button[1],Read More,183,1015,40,77,3
9ca45efe0464449c915cadff06b5fd78,87bf7058b0ea611d8425b13b1efca1129b152bb4cb7856b13bc22cbfdd42fc9d,button,/body/div/button[5],Read More,53,1297,51,182,4
247b49fe681e4b4a954b40900b303dd7,a2d0e539e8faebd8432af14a40971cede4c2169d1473feace956648a9eb5d96f,span,/html/article[@class='nav-item']/span[1],NULL,483,1206,20,296,1
8da378f3d5824f94aef6b00117435da8,44c5dc7973503e129bb0ca475b531371adb304bafa3274cfa325e8c75eb32ff1,img,/html/div/article/section/article/article/img[5],NULL,482,822,73,167,3
07e345f10e4e41c5a70432276cd44d25,31fbb355ad7e68f6ddd84b0438ee9c8b1756df7087f8f933d2209609d92322c1,img,/main/section/div/section/img[3],NULL,822,862,76,261,3
458f73f9814f4aac96633caa0253380d,71979c80142b1139e988579101522c349a07b28ee2412d5b6383f10f4e2c535e,h2,/html/section/article[@class='nav-item']/div/h2[4],Contact,335,214,44,98,3
fc879efd9a1d45cc8f7a87dfd87db1b4,6b4480e65aaeea646446e613b3ca5e8114453afdba8c81a2ea7ec67d9b3bd294,img,/main/div/article/article/section/img[5],NULL,384,277,79,238,1
4ab9b2f224994350b9461df6c80de0bc,44c5dc7973503e129bb0ca475b531371adb304bafa3274cfa325e8c75eb32ff1,h1,/body/article/div/h1[4],Submit,564,455,53,295,4
384819f09fba4c0980e812d42e0a5760,d9ba1247da3c2c5c59d97d3378facc453c0eaf1d6049684d90e4c16d804541bf,a,/html/section/a[2],Submit,64,62,29,158,0
a4e4cff0de864e5493291e493cfcd27c,070008ef42c1abe36107ae1aa9808cc769a1f673694d23f739930f30ba78cf75,button,/html/article/button[5],Read More,804,412,33,38,1
76458df1c01e468397b56fb851da4423,1e23114f30859564fa935ac749bb790ad1a06acc0f9f8ec416c24760477d389e,h1,/body/article[@class='header']/h1[3],Login to OneNote,233,366,75,74,4