1bd31a8ef60e416ba3edd9fc9f8ee4ed,gmail.com,aliceandbob,aliceandbobBFF0011153,qwertyuiop,2023-01-15 11:34:22, 2024-06-10 14:22:17,enabled,Alice,and,Bob,+1202555018,admin,true,0,false
d6b6d001d71d4c04b2d9767ff7d0ba42,gmail.com,ang_wei_bin,ang_wei_bin_official,asdfghjkl,2023-01-15 10:32:31,2024-06-10 14:22:18,enabled,Ang,Wei,Bin,+6512324205,admin,true,0,false
4e7121b0ae7949e192555987dcb6e2ba,gmail.com,picokatx,picokatx_official,zxcvbnm,2023-01-15 9:13:53,2024-06-10 14:22:15,enabled,p,k,cat,+6551259744,admin,true,0,false
56a701bc8caf41bcad26f85f8b14d052,example.com,john.doe+1,john_doe1,SecurePass123!,2023-02-20 12:45:00,2024-06-09 10:30:45,enabled,John,Robert,Doe,+14155551234,user,true,1,true
886dc2571be9407197f9d0fe957f5087,edge.case,64.char.64.char.64.char.64.char.64.char.64.char.64.char.64,usr5,L0ngN@me1,2023-03-05 09:15:30,2024-06-08 16:22:10,enabled,Michael,David,Johnson,+1617555432,user,true,0,false
cc88286976ae49b08a0bdcb2d7741503,test.org,jane-smith,jane_smith2,P@ssw0rd2024,2023-04-10 14:20:15,2024-06-11 09:15:30,enabled,Jane,Ellen,Smith,+1917555246,user,true,0,true
f7e5616bfe654479b67913a1fb8295ca,domain.net,bob.jackson3,bob_j3,B0bby$456,2023-05-22 16:30:45,2024-06-07 11:45:20,enabled,Robert,Thomas,Jackson,+1832555369,user,true,2,false
f57684cf940942c0a1ebaa8df064ac32,mail.io,sara+miller,sara_m4,S@r@7890,2023-06-15 11:25:10,2024-06-05 15:10:35,enabled,Sara,Lynn,Miller,+1323555789,user,true,0,false
73c389f2a3884db5942f9694242701e2,web.app,mike_chan_is_the_best,mike.c5,M1k3C#!,2023-07-08 10:40:55,2024-06-06 08:35:15,enabled,Michael,Lee,Chan,+1408555112,user,true,0,false
d0402667494440719b8011dcbb19fb76,example.com,emily+penguin,emily_6,Em1ly$%^,2023-08-12 15:15:25,2024-06-02 13:20:40,enabled,Emily,Grace,Wilson,+1773555334,user,true,0,true
fba06342f4f045faa3b5e35a69186322,test.org,david-pc,david-7,D@vid789,2023-09-18 09:30:15,2024-06-01 16:45:30,disabled,David,Allen,Brown,+1212555667,user,true,5,false
99e6d0986fa24830bb8b03c241c14317,domain.net,lisa8_web,lisa8,L!s@888,2023-10-24 14:50:05,2024-06-04 10:30:20,enabled,Lisa,Marie,Taylor,+1646555889,user,true,1,false
c867e4c2f60a48429113f433b6cec961,mail.io,omgkawaiiangelXOXO,kevin_9,K3v!n###,2023-11-30 12:10:30,2024-05-30 17:25:10,enabled,Kevin,James,Anderson,+1949555001,user,true,0,false
f1201693bb9a4d078ee77fc12d80baa3,web.app,anna10,anna10,Ann@1010*,2023-12-05 08:25:45,2024-05-28 11:15:45,enabled,Anna,Rose,Martinez,+1202555223,user,true,0,false
42876168f2a6472ea08a688ca6264ff2,example.com,tom11,tom_11,T0m$$$111,2024-01-11 10:35:20,2024-05-31 09:40:30,enabled,Thomas,Edward,Harris,+1310555445,user,true,0,false
adb22761b2e44c8d8750fe0b7336c5ac,test.org,sophie+12,sophie12,S0ph!e12,2024-01-20 13:45:35,2024-06-03 14:22:50,enabled,Sophie,Elizabeth,Clark,+1917555667,user,true,0,false
c98a6ac5e87f417ab6e083c2fd15467b,domain.net,ryan13,ryan-13,R@y@n1313,2024-01-28 09:20:10,2024-05-25 16:35:15,enabled,Ryan,Joseph,Lewis,+1617555889,user,true,1,false
001ecf8afc9649c58b5e94b570cd8356,mail.io,olivia14,olivia14,0l!v!@14,2024-02-05 15:30:25,2024-05-29 10:45:55,enabled,Olivia,Grace,Walker,+1832555445,user,true,0,true
e05acf0eda3d4080aa83cebdbcf865f1,web.app,ethan15,ethan.15,3th@n1515,2024-02-15 11:10:40,2024-06-10 13:30:40,enabled,Ethan,Daniel,Hall,+1415555667,user,true,0,false
cf214b1511104dbebb336a38da086c49,example.com,mia16,mia_16,M!@161616,2024-02-24 14:25:15,2024-06-07 15:20:10,enabled,Mia,Nicole,Young,+1202555998,user,true,0,false
5cae6bfd7ec64302b3eb9c46c35deddf,test.org,noah+17,noah17,N0@h1717,2024-03-10 10:15:30,2024-06-08 12:10:25,enabled,Noah,Benjamin,Allen,+1323555112,user,true,0,false
c7a4e58fdb8f4997bca5fd9681bba9d2,domain.net,ava18,ava-18,@v@1818,2024-03-22 16:45:55,2024-06-05 09:30:15,enabled,Ava,Christine,King,+1949555334,user,true,0,false
acb301f637f141b6b13d7fdc9a020d19,mail.io,liam19,liam_19,L!@m1919,2024-04-05 09:35:10,2024-06-09 14:45:30,enabled,Liam,Alexander,Wright,+1858555667,user,false,2,false
a02d684abff5430582414f195382198e,web.app,emma20,emma20,3mm@2020!,2024-04-18 13:20:45,2024-06-11 11:10:20,enabled,Emma,Katherine,Scott,+1646555889,user,true,0,false
917f898ef36a4371bfbc4d26799099e4,max-id.test,max.id,user_max,ValidP@ss1,2024-04-30 10:10:15,2024-06-10 15:35:45,enabled,Maxwell,Theodore,Green,+1408555112,user,true,0,false
4889555d0d17418b88b84556448c5457,a.b.c.d.e.f,long.domain,usr1,L0ngD0m@in!,2024-05-08 15:30:20,2024-06-06 10:25:35,enabled,Samuel,Isaac,Baker,+1832555001,user,false,0,false
84d8ece3efd5476aae13b86fa40a278a,xn--example.com,idn.domain,usr2,IdnD0m@in!,2024-05-15 11:45:35,2024-06-07 13:15:25,enabled,Oliver,William,Adams,+1212555445,user,true,0,false
2508785a05b843bab8c9e17411e5460a,password.test,test17,pwd_user6,V@lid1,2024-05-22 14:15:10,2024-06-08 16:40:10,enabled,Sophia,Marie,Nelson,+1917555223,user,true,1,false
20cda338ba4c4eaeacba82d14cf713fb,password.test,test18,pwd_user7,V@lid1234,2024-05-28 09:50:25,2024-06-09 09:20:35,disabled,Lucas,James,Carter,+1617555667,user,true,1,false
27b20cca0dc646369746fe67ace83835,password.test,test20,pwd_user9,Repeating111!!,2024-06-05 12:30:40,2024-06-10 14:15:50,enabled,Harper,Rose,Mitchell,+1415555889,user,true,0,true
29582fdf84734db198e5aed54ffe7348,password.test,test21,pwd_user10,Admin123!,2024-06-10 15:45:15,2024-06-11 10:30:25,enabled,Jacob,Thomas,Perez,+1202555112,user,true,0,true